"Path","Type","Level","Project","Kind","Completed"
"Effective coaching","current","LEVEL ONE: Mastering Fundamentals","Ice breaker","Required",""
"Effective coaching","current","LEVEL ONE: Mastering Fundamentals","Evaluation and feedback","Required",""
"Effective coaching","current","LEVEL ONE: Mastering Fundamentals","Researching and presenting","Required",""
"Effective coaching","current","LEVEL TWO: Learning Your Style","Understanding your leadership style","Required",""
"Effective coaching","current","LEVEL TWO: Learning Your Style","Understanding your communication style","Required",""
"Effective coaching","current","LEVEL TWO: Learning Your Style","Introduction to toastmasters mentoring","Required",""
"Effective coaching","current","LEVEL THREE: Increasing Knowledge","Reaching consensus","Required",""
"Effective coaching","current","LEVEL THREE: Increasing Knowledge","Elective choice 1 of 2","Elective",""
"Effective coaching","current","LEVEL THREE: Increasing Knowledge","Elective choice 2 of 2","Elective",""
"Effective coaching","current","LEVEL FOUR: Building Skills","Improvement through positive coaching","Required",""
"Effective coaching","current","LEVEL FOUR: Building Skills","Elective choice 1 of 1","Elective",""
"Effective coaching","current","LEVEL FIVE: Demonstrating Expertise","High performance leadership","Required",""
"Effective coaching","current","LEVEL FIVE: Demonstrating Expertise","Reflect on your path","Required",""
"Effective coaching","current","LEVEL FIVE: Demonstrating Expertise","Elective choice 1 of 1","Elective",""
"Dynamic Leadership","current","LEVEL ONE: Mastering Fundamentals","Ice breaker","Required",""
"Dynamic Leadership","current","LEVEL ONE: Mastering Fundamentals","Evaluation and feedback","Required",""
"Dynamic Leadership","current","LEVEL ONE: Mastering Fundamentals","Researching and presenting","Required",""
"Dynamic Leadership","current","LEVEL ONE: Mastering Fundamentals","Table Topics Speaker (post-Oct 2025 only)","Meeting Role",""
"Dynamic Leadership","current","LEVEL ONE: Mastering Fundamentals","Evaluator (post-Oct 2025 only)","Meeting Role",""
"Dynamic Leadership","current","LEVEL ONE: Mastering Fundamentals","Timer OR Ah-Counter (post-Oct 2025 only)","Meeting Role",""
"Dynamic Leadership","current","LEVEL TWO: Learning Your Style","Understanding your leadership style","Required",""
"Dynamic Leadership","current","LEVEL TWO: Learning Your Style","Connect with your audience","Required",""
"Dynamic Leadership","current","LEVEL TWO: Learning Your Style","Introduction to toastmasters mentoring","Required",""
"Dynamic Leadership","current","LEVEL TWO: Learning Your Style","Grammarian (post-Oct 2025 only)","Meeting Role",""
"Dynamic Leadership","current","LEVEL TWO: Learning Your Style","Topicsmaster (post-Oct 2025 only)","Meeting Role",""
"Dynamic Leadership","current","LEVEL TWO: Learning Your Style","Evaluator (post-Oct 2025 only)","Meeting Role",""
"Dynamic Leadership","current","LEVEL TWO: Learning Your Style","Toastmaster OR Timer OR Ah-Counter (post-Oct 2025 only)","Meeting Role",""
"Dynamic Leadership","current","LEVEL THREE: Increasing Knowledge","Negotiate the Best Outcome","Required",""
"Dynamic Leadership","current","LEVEL THREE: Increasing Knowledge","Elective choice 1 of 2","Elective",""
"Dynamic Leadership","current","LEVEL THREE: Increasing Knowledge","Elective choice 2 of 2","Elective",""
"Dynamic Leadership","current","LEVEL THREE: Increasing Knowledge","Toastmaster (post-Oct 2025 only)","Meeting Role",""
"Dynamic Leadership","current","LEVEL THREE: Increasing Knowledge","Evaluator (post-Oct 2025 only)","Meeting Role",""
"Dynamic Leadership","current","LEVEL THREE: Increasing Knowledge","Topicsmaster OR Table Topics Speaker OR Introductory Mentor (post-Oct 2025 only)","Meeting Role",""
"Dynamic Leadership","current","LEVEL THREE: Increasing Knowledge","Choose 1 from: Successful Club Series (post-Oct 2025 only)","Ed Series",""
"Dynamic Leadership","current","LEVEL FOUR: Building Skills","Manage change","Required",""
"Dynamic Leadership","current","LEVEL FOUR: Building Skills","Elective choice 1 of 1","Elective",""
"Dynamic Leadership","current","LEVEL FOUR: Building Skills","Toastmaster (post-Oct 2025 only)","Meeting Role",""
"Dynamic Leadership","current","LEVEL FOUR: Building Skills","General Evaluator (post-Oct 2025 only)","Meeting Role",""
"Dynamic Leadership","current","LEVEL FOUR: Building Skills","Evaluator (post-Oct 2025 only)","Meeting Role",""
"Dynamic Leadership","current","LEVEL FOUR: Building Skills","Table Topics Speaker OR Topicsmaster OR Specialized Role OR repeat (post-Oct 2025 only)","Meeting Role",""
"Dynamic Leadership","current","LEVEL FOUR: Building Skills","Choose 1 from: Successful Club Series (post-Oct 2025 only)","Ed Series",""
"Dynamic Leadership","current","LEVEL FOUR: Building Skills","Choose 1 from: Better Speaker Series (post-Oct 2025 only)","Ed Series",""
"Dynamic Leadership","current","LEVEL FIVE: Demonstrating Expertise","Lead in any situation","Required",""
"Dynamic Leadership","current","LEVEL FIVE: Demonstrating Expertise","Reflect on your path","Required",""
"Dynamic Leadership","current","LEVEL FIVE: Demonstrating Expertise","Elective choice 1 of 1","Elective",""
"Dynamic Leadership","current","LEVEL FIVE: Demonstrating Expertise","General Evaluator (x2) (post-Oct 2025 only)","Meeting Role",""
"Dynamic Leadership","current","LEVEL FIVE: Demonstrating Expertise","Toastmaster (x2) (post-Oct 2025 only)","Meeting Role",""
"Dynamic Leadership","current","LEVEL FIVE: Demonstrating Expertise","Evaluator (x2) (post-Oct 2025 only)","Meeting Role",""
"Dynamic Leadership","current","LEVEL FIVE: Demonstrating Expertise","Table Topics Speaker OR Topicsmaster OR Ah-Counter OR Timer OR Grammarian OR Club Mentor OR Specialized Role OR repeat (post-Oct 2025 only)","Meeting Role",""
"Dynamic Leadership","current","LEVEL FIVE: Demonstrating Expertise","Choose 1 from: Successful Club Series (post-Oct 2025 only)","Ed Series",""
"Dynamic Leadership","current","LEVEL FIVE: Demonstrating Expertise","Choose 1 from: Leadership Excellence Series (post-Oct 2025 only)","Ed Series",""
"Innovative planning","current","LEVEL ONE: Mastering Fundamentals","Ice breaker","Required",""
"Innovative planning","current","LEVEL ONE: Mastering Fundamentals","Evaluation and feedback","Required",""
"Innovative planning","current","LEVEL ONE: Mastering Fundamentals","Researching and presenting","Required",""
"Innovative planning","current","LEVEL TWO: Learning Your Style","Understanding your leadership style","Required",""
"Innovative planning","current","LEVEL TWO: Learning Your Style","Connect with your audience","Required",""
"Innovative planning","current","LEVEL TWO: Learning Your Style","Introduction to toastmasters mentoring","Required",""
"Innovative planning","current","LEVEL THREE: Increasing Knowledge","Present a proposal","Required",""
"Innovative planning","current","LEVEL THREE: Increasing Knowledge","Elective choice 1 of 2","Elective",""
"Innovative planning","current","LEVEL THREE: Increasing Knowledge","Elective choice 2 of 2","Elective",""
"Innovative planning","current","LEVEL FOUR: Building Skills","Manage projects successfully","Required",""
"Innovative planning","current","LEVEL FOUR: Building Skills","Elective choice 1 of 1","Elective",""
"Innovative planning","current","LEVEL FIVE: Demonstrating Expertise","High performance leadership","Required",""
"Innovative planning","current","LEVEL FIVE: Demonstrating Expertise","Reflect on your path","Required",""
"Innovative planning","current","LEVEL FIVE: Demonstrating Expertise","Elective choice 1 of 1","Elective",""
"Leadership development","current","LEVEL ONE: Mastering Fundamentals","Ice breaker","Required",""
"Leadership development","current","LEVEL ONE: Mastering Fundamentals","Evaluation and feedback","Required",""
"Leadership development","current","LEVEL ONE: Mastering Fundamentals","Researching and presenting","Required",""
"Leadership development","current","LEVEL TWO: Learning Your Style","Managing time","Required",""
"Leadership development","current","LEVEL TWO: Learning Your Style","Understanding your leadership style","Required",""
"Leadership development","current","LEVEL TWO: Learning Your Style","Introduction to toastmasters mentoring","Required",""
"Leadership development","current","LEVEL THREE: Increasing Knowledge","Planning and implementing","Required",""
"Leadership development","current","LEVEL THREE: Increasing Knowledge","Elective choice 1 of 2","Elective",""
"Leadership development","current","LEVEL THREE: Increasing Knowledge","Elective choice 2 of 2","Elective",""
"Leadership development","current","LEVEL FOUR: Building Skills","Leading your team","Required",""
"Leadership development","current","LEVEL FOUR: Building Skills","Elective choice 1 of 1","Elective",""
"Leadership development","current","LEVEL FIVE: Demonstrating Expertise","Manage successful events","Required",""
"Leadership development","current","LEVEL FIVE: Demonstrating Expertise","Reflect on your path","Required",""
"Leadership development","current","LEVEL FIVE: Demonstrating Expertise","Elective choice 1 of 1","Elective",""
"Motivational strategies","current","LEVEL ONE: Mastering Fundamentals","Ice breaker","Required",""
"Motivational strategies","current","LEVEL ONE: Mastering Fundamentals","Evaluation and feedback","Required",""
"Motivational strategies","current","LEVEL ONE: Mastering Fundamentals","Researching and presenting","Required",""
"Motivational strategies","current","LEVEL ONE: Mastering Fundamentals","Table Topics Speaker (post-Oct 2025 only)","Meeting Role",""
"Motivational strategies","current","LEVEL ONE: Mastering Fundamentals","Evaluator (post-Oct 2025 only)","Meeting Role",""
"Motivational strategies","current","LEVEL ONE: Mastering Fundamentals","Timer OR Ah-Counter (post-Oct 2025 only)","Meeting Role",""
"Motivational strategies","current","LEVEL TWO: Learning Your Style","Understanding your communication style","Required",""
"Motivational strategies","current","LEVEL TWO: Learning Your Style","Active listening","Required",""
"Motivational strategies","current","LEVEL TWO: Learning Your Style","Introduction to toastmasters mentoring","Required",""
"Motivational strategies","current","LEVEL TWO: Learning Your Style","Grammarian (post-Oct 2025 only)","Meeting Role",""
"Motivational strategies","current","LEVEL TWO: Learning Your Style","Topicsmaster (post-Oct 2025 only)","Meeting Role",""
"Motivational strategies","current","LEVEL TWO: Learning Your Style","Evaluator (post-Oct 2025 only)","Meeting Role",""
"Motivational strategies","current","LEVEL TWO: Learning Your Style","Toastmaster OR Timer OR Ah-Counter (post-Oct 2025 only)","Meeting Role",""
"Motivational strategies","current","LEVEL THREE: Increasing Knowledge","Understanding emotional intelligence","Required",""
"Motivational strategies","current","LEVEL THREE: Increasing Knowledge","Elective choice 1 of 2","Elective",""
"Motivational strategies","current","LEVEL THREE: Increasing Knowledge","Elective choice 2 of 2","Elective",""
"Motivational strategies","current","LEVEL THREE: Increasing Knowledge","Toastmaster (post-Oct 2025 only)","Meeting Role",""
"Motivational strategies","current","LEVEL THREE: Increasing Knowledge","Evaluator (post-Oct 2025 only)","Meeting Role",""
"Motivational strategies","current","LEVEL THREE: Increasing Knowledge","Topicsmaster OR Table Topics Speaker OR Introductory Mentor (post-Oct 2025 only)","Meeting Role",""
"Motivational strategies","current","LEVEL THREE: Increasing Knowledge","Choose 1 from: Successful Club Series (post-Oct 2025 only)","Ed Series",""
"Motivational strategies","current","LEVEL FOUR: Building Skills","Motivate others","Required",""
"Motivational strategies","current","LEVEL FOUR: Building Skills","Elective choice 1 of 1","Elective",""
"Motivational strategies","current","LEVEL FOUR: Building Skills","Toastmaster (post-Oct 2025 only)","Meeting Role",""
"Motivational strategies","current","LEVEL FOUR: Building Skills","General Evaluator (post-Oct 2025 only)","Meeting Role",""
"Motivational strategies","current","LEVEL FOUR: Building Skills","Evaluator (post-Oct 2025 only)","Meeting Role",""
"Motivational strategies","current","LEVEL FOUR: Building Skills","Table Topics Speaker OR Topicsmaster OR Specialized Role OR repeat (post-Oct 2025 only)","Meeting Role",""
"Motivational strategies","current","LEVEL FOUR: Building Skills","Choose 1 from: Successful Club Series (post-Oct 2025 only)","Ed Series",""
"Motivational strategies","current","LEVEL FOUR: Building Skills","Choose 1 from: Better Speaker Series (post-Oct 2025 only)","Ed Series",""
"Motivational strategies","current","LEVEL FIVE: Demonstrating Expertise","Team building","Required",""
"Motivational strategies","current","LEVEL FIVE: Demonstrating Expertise","Reflect on your path","Required",""
"Motivational strategies","current","LEVEL FIVE: Demonstrating Expertise","Elective choice 1 of 1","Elective",""
"Motivational strategies","current","LEVEL FIVE: Demonstrating Expertise","General Evaluator (x2) (post-Oct 2025 only)","Meeting Role",""
"Motivational strategies","current","LEVEL FIVE: Demonstrating Expertise","Toastmaster (x2) (post-Oct 2025 only)","Meeting Role",""
"Motivational strategies","current","LEVEL FIVE: Demonstrating Expertise","Evaluator (x2) (post-Oct 2025 only)","Meeting Role",""
"Motivational strategies","current","LEVEL FIVE: Demonstrating Expertise","Table Topics Speaker OR Topicsmaster OR Ah-Counter OR Timer OR Grammarian OR Club Mentor OR Specialized Role OR repeat (post-Oct 2025 only)","Meeting Role",""
"Motivational strategies","current","LEVEL FIVE: Demonstrating Expertise","Choose 1 from: Successful Club Series (post-Oct 2025 only)","Ed Series",""
"Motivational strategies","current","LEVEL FIVE: Demonstrating Expertise","Choose 1 from: Leadership Excellence Series (post-Oct 2025 only)","Ed Series",""
"Persuasive influence","current","LEVEL ONE: Mastering Fundamentals","Ice breaker","Required",""
"Persuasive influence","current","LEVEL ONE: Mastering Fundamentals","Evaluation and feedback","Required",""
"Persuasive influence","current","LEVEL ONE: Mastering Fundamentals","Researching and presenting","Required",""
"Persuasive influence","current","LEVEL ONE: Mastering Fundamentals","Table Topics Speaker (post-Oct 2025 only)","Meeting Role",""
"Persuasive influence","current","LEVEL ONE: Mastering Fundamentals","Evaluator (post-Oct 2025 only)","Meeting Role",""
"Persuasive influence","current","LEVEL ONE: Mastering Fundamentals","Timer OR Ah-Counter (post-Oct 2025 only)","Meeting Role",""
"Persuasive influence","current","LEVEL TWO: Learning Your Style","Understanding your leadership style","Required",""
"Persuasive influence","current","LEVEL TWO: Learning Your Style","Active listening","Required",""
"Persuasive influence","current","LEVEL TWO: Learning Your Style","Introduction to toastmasters mentoring","Required",""
"Persuasive influence","current","LEVEL TWO: Learning Your Style","Grammarian (post-Oct 2025 only)","Meeting Role",""
"Persuasive influence","current","LEVEL TWO: Learning Your Style","Topicsmaster (post-Oct 2025 only)","Meeting Role",""
"Persuasive influence","current","LEVEL TWO: Learning Your Style","Evaluator (post-Oct 2025 only)","Meeting Role",""
"Persuasive influence","current","LEVEL TWO: Learning Your Style","Toastmaster OR Timer OR Ah-Counter (post-Oct 2025 only)","Meeting Role",""
"Persuasive influence","current","LEVEL THREE: Increasing Knowledge","Understanding conflict resolution","Required",""
"Persuasive influence","current","LEVEL THREE: Increasing Knowledge","Elective choice 1 of 2","Elective",""
"Persuasive influence","current","LEVEL THREE: Increasing Knowledge","Elective choice 2 of 2","Elective",""
"Persuasive influence","current","LEVEL THREE: Increasing Knowledge","Toastmaster (post-Oct 2025 only)","Meeting Role",""
"Persuasive influence","current","LEVEL THREE: Increasing Knowledge","Evaluator (post-Oct 2025 only)","Meeting Role",""
"Persuasive influence","current","LEVEL THREE: Increasing Knowledge","Topicsmaster OR Table Topics Speaker OR Introductory Mentor (post-Oct 2025 only)","Meeting Role",""
"Persuasive influence","current","LEVEL THREE: Increasing Knowledge","Choose 1 from: Successful Club Series (post-Oct 2025 only)","Ed Series",""
"Persuasive influence","current","LEVEL FOUR: Building Skills","Leading in difficult situations","Required",""
"Persuasive influence","current","LEVEL FOUR: Building Skills","Elective choice 1 of 1","Elective",""
"Persuasive influence","current","LEVEL FOUR: Building Skills","Toastmaster (post-Oct 2025 only)","Meeting Role",""
"Persuasive influence","current","LEVEL FOUR: Building Skills","General Evaluator (post-Oct 2025 only)","Meeting Role",""
"Persuasive influence","current","LEVEL FOUR: Building Skills","Evaluator (post-Oct 2025 only)","Meeting Role",""
"Persuasive influence","current","LEVEL FOUR: Building Skills","Table Topics Speaker OR Topicsmaster OR Specialized Role OR repeat (post-Oct 2025 only)","Meeting Role",""
"Persuasive influence","current","LEVEL FOUR: Building Skills","Choose 1 from: Successful Club Series (post-Oct 2025 only)","Ed Series",""
"Persuasive influence","current","LEVEL FOUR: Building Skills","Choose 1 from: Better Speaker Series (post-Oct 2025 only)","Ed Series",""
"Persuasive influence","current","LEVEL FIVE: Demonstrating Expertise","High performance leadership","Required",""
"Persuasive influence","current","LEVEL FIVE: Demonstrating Expertise","Reflect on your path","Required",""
"Persuasive influence","current","LEVEL FIVE: Demonstrating Expertise","Elective choice 1 of 1","Elective",""
"Persuasive influence","current","LEVEL FIVE: Demonstrating Expertise","General Evaluator (x2) (post-Oct 2025 only)","Meeting Role",""
"Persuasive influence","current","LEVEL FIVE: Demonstrating Expertise","Toastmaster (x2) (post-Oct 2025 only)","Meeting Role",""
"Persuasive influence","current","LEVEL FIVE: Demonstrating Expertise","Evaluator (x2) (post-Oct 2025 only)","Meeting Role",""
"Persuasive influence","current","LEVEL FIVE: Demonstrating Expertise","Table Topics Speaker OR Topicsmaster OR Ah-Counter OR Timer OR Grammarian OR Club Mentor OR Specialized Role OR repeat (post-Oct 2025 only)","Meeting Role",""
"Persuasive influence","current","LEVEL FIVE: Demonstrating Expertise","Choose 1 from: Successful Club Series (post-Oct 2025 only)","Ed Series",""
"Persuasive influence","current","LEVEL FIVE: Demonstrating Expertise","Choose 1 from: Leadership Excellence Series (post-Oct 2025 only)","Ed Series",""
"Presentation mastery","current","LEVEL ONE: Mastering Fundamentals","Ice breaker","Required",""
"Presentation mastery","current","LEVEL ONE: Mastering Fundamentals","Evaluation and feedback","Required",""
"Presentation mastery","current","LEVEL ONE: Mastering Fundamentals","Researching and presenting","Required",""
"Presentation mastery","current","LEVEL ONE: Mastering Fundamentals","Table Topics Speaker (post-Oct 2025 only)","Meeting Role",""
"Presentation mastery","current","LEVEL ONE: Mastering Fundamentals","Evaluator (post-Oct 2025 only)","Meeting Role",""
"Presentation mastery","current","LEVEL ONE: Mastering Fundamentals","Timer OR Ah-Counter (post-Oct 2025 only)","Meeting Role",""
"Presentation mastery","current","LEVEL TWO: Learning Your Style","Understanding your communication style","Required",""
"Presentation mastery","current","LEVEL TWO: Learning Your Style","Effective body language","Required",""
"Presentation mastery","current","LEVEL TWO: Learning Your Style","Introduction to toastmasters mentoring","Required",""
"Presentation mastery","current","LEVEL TWO: Learning Your Style","Grammarian (post-Oct 2025 only)","Meeting Role",""
"Presentation mastery","current","LEVEL TWO: Learning Your Style","Topicsmaster (post-Oct 2025 only)","Meeting Role",""
"Presentation mastery","current","LEVEL TWO: Learning Your Style","Evaluator (post-Oct 2025 only)","Meeting Role",""
"Presentation mastery","current","LEVEL TWO: Learning Your Style","Toastmaster OR Timer OR Ah-Counter (post-Oct 2025 only)","Meeting Role",""
"Presentation mastery","current","LEVEL THREE: Increasing Knowledge","Persuasive speaking","Required",""
"Presentation mastery","current","LEVEL THREE: Increasing Knowledge","Elective choice 1 of 2","Elective",""
"Presentation mastery","current","LEVEL THREE: Increasing Knowledge","Elective choice 2 of 2","Elective",""
"Presentation mastery","current","LEVEL THREE: Increasing Knowledge","Toastmaster (post-Oct 2025 only)","Meeting Role",""
"Presentation mastery","current","LEVEL THREE: Increasing Knowledge","Evaluator (post-Oct 2025 only)","Meeting Role",""
"Presentation mastery","current","LEVEL THREE: Increasing Knowledge","Topicsmaster OR Table Topics Speaker OR Introductory Mentor (post-Oct 2025 only)","Meeting Role",""
"Presentation mastery","current","LEVEL THREE: Increasing Knowledge","Choose 1 from: Successful Club Series (post-Oct 2025 only)","Ed Series",""
"Presentation mastery","current","LEVEL FOUR: Building Skills","Managing a difficult audience","Required",""
"Presentation mastery","current","LEVEL FOUR: Building Skills","Elective choice 1 of 1","Elective",""
"Presentation mastery","current","LEVEL FOUR: Building Skills","Toastmaster (post-Oct 2025 only)","Meeting Role",""
"Presentation mastery","current","LEVEL FOUR: Building Skills","General Evaluator (post-Oct 2025 only)","Meeting Role",""
"Presentation mastery","current","LEVEL FOUR: Building Skills","Evaluator (post-Oct 2025 only)","Meeting Role",""
"Presentation mastery","current","LEVEL FOUR: Building Skills","Table Topics Speaker OR Topicsmaster OR Specialized Role OR repeat (post-Oct 2025 only)","Meeting Role",""
"Presentation mastery","current","LEVEL FOUR: Building Skills","Choose 1 from: Successful Club Series (post-Oct 2025 only)","Ed Series",""
"Presentation mastery","current","LEVEL FOUR: Building Skills","Choose 1 from: Better Speaker Series (post-Oct 2025 only)","Ed Series",""
"Presentation mastery","current","LEVEL FIVE: Demonstrating Expertise","Prepare to speak professionally","Required",""
"Presentation mastery","current","LEVEL FIVE: Demonstrating Expertise","Reflect on your path","Required",""
"Presentation mastery","current","LEVEL FIVE: Demonstrating Expertise","Elective choice 1 of 1","Elective",""
"Presentation mastery","current","LEVEL FIVE: Demonstrating Expertise","General Evaluator (x2) (post-Oct 2025 only)","Meeting Role",""
"Presentation mastery","current","LEVEL FIVE: Demonstrating Expertise","Toastmaster (x2) (post-Oct 2025 only)","Meeting Role",""
"Presentation mastery","current","LEVEL FIVE: Demonstrating Expertise","Evaluator (x2) (post-Oct 2025 only)","Meeting Role",""
"Presentation mastery","current","LEVEL FIVE: Demonstrating Expertise","Table Topics Speaker OR Topicsmaster OR Ah-Counter OR Timer OR Grammarian OR Club Mentor OR Specialized Role OR repeat (post-Oct 2025 only)","Meeting Role",""
"Presentation mastery","current","LEVEL FIVE: Demonstrating Expertise","Choose 1 from: Successful Club Series (post-Oct 2025 only)","Ed Series",""
"Presentation mastery","current","LEVEL FIVE: Demonstrating Expertise","Choose 1 from: Leadership Excellence Series (post-Oct 2025 only)","Ed Series",""
"Strategic relationships","current","LEVEL ONE: Mastering Fundamentals","Ice breaker","Required",""
"Strategic relationships","current","LEVEL ONE: Mastering Fundamentals","Evaluation and feedback","Required",""
"Strategic relationships","current","LEVEL ONE: Mastering Fundamentals","Researching and presenting","Required",""
"Strategic relationships","current","LEVEL TWO: Learning Your Style","Understanding your leadership style","Required",""
"Strategic relationships","current","LEVEL TWO: Learning Your Style","Cross cultural understanding","Required",""
"Strategic relationships","current","LEVEL TWO: Learning Your Style","Introduction to toastmasters mentoring","Required",""
"Strategic relationships","current","LEVEL THREE: Increasing Knowledge","Making connections through networking","Required",""
"Strategic relationships","current","LEVEL THREE: Increasing Knowledge","Elective choice 1 of 2","Elective",""
"Strategic relationships","current","LEVEL THREE: Increasing Knowledge","Elective choice 2 of 2","Elective",""
"Strategic relationships","current","LEVEL FOUR: Building Skills","Public relations strategies","Required",""
"Strategic relationships","current","LEVEL FOUR: Building Skills","Elective choice 1 of 1","Elective",""
"Strategic relationships","current","LEVEL FIVE: Demonstrating Expertise","Leading in your volunteer organization","Required",""
"Strategic relationships","current","LEVEL FIVE: Demonstrating Expertise","Reflect on your path","Required",""
"Strategic relationships","current","LEVEL FIVE: Demonstrating Expertise","Elective choice 1 of 1","Elective",""
"Team collaboration","current","LEVEL ONE: Mastering Fundamentals","Ice breaker","Required",""
"Team collaboration","current","LEVEL ONE: Mastering Fundamentals","Evaluation and feedback","Required",""
"Team collaboration","current","LEVEL ONE: Mastering Fundamentals","Researching and presenting","Required",""
"Team collaboration","current","LEVEL TWO: Learning Your Style","Understanding your communication style","Required",""
"Team collaboration","current","LEVEL TWO: Learning Your Style","Active listening","Required",""
"Team collaboration","current","LEVEL TWO: Learning Your Style","Introduction to toastmasters mentoring","Required",""
"Team collaboration","current","LEVEL THREE: Increasing Knowledge","Successful collaboration","Required",""
"Team collaboration","current","LEVEL THREE: Increasing Knowledge","Elective choice 1 of 2","Elective",""
"Team collaboration","current","LEVEL THREE: Increasing Knowledge","Elective choice 2 of 2","Elective",""
"Team collaboration","current","LEVEL FOUR: Building Skills","Motivate others","Required",""
"Team collaboration","current","LEVEL FOUR: Building Skills","Elective choice 1 of 1","Elective",""
"Team collaboration","current","LEVEL FIVE: Demonstrating Expertise","Lead in any situation","Required",""
"Team collaboration","current","LEVEL FIVE: Demonstrating Expertise","Reflect on your path","Required",""
"Team collaboration","current","LEVEL FIVE: Demonstrating Expertise","Elective choice 1 of 1","Elective",""
"Visionary communication","current","LEVEL ONE: Mastering Fundamentals","Ice breaker","Required",""
"Visionary communication","current","LEVEL ONE: Mastering Fundamentals","Evaluation and feedback","Required",""
"Visionary communication","current","LEVEL ONE: Mastering Fundamentals","Researching and presenting","Required",""
"Visionary communication","current","LEVEL ONE: Mastering Fundamentals","Table Topics Speaker (post-Oct 2025 only)","Meeting Role",""
"Visionary communication","current","LEVEL ONE: Mastering Fundamentals","Evaluator (post-Oct 2025 only)","Meeting Role",""
"Visionary communication","current","LEVEL ONE: Mastering Fundamentals","Timer OR Ah-Counter (post-Oct 2025 only)","Meeting Role",""
"Visionary communication","current","LEVEL TWO: Learning Your Style","Understanding your leadership style","Required",""
"Visionary communication","current","LEVEL TWO: Learning Your Style","Understanding your communication style","Required",""
"Visionary communication","current","LEVEL TWO: Learning Your Style","Introduction to toastmasters mentoring","Required",""
"Visionary communication","current","LEVEL TWO: Learning Your Style","Grammarian (post-Oct 2025 only)","Meeting Role",""
"Visionary communication","current","LEVEL TWO: Learning Your Style","Topicsmaster (post-Oct 2025 only)","Meeting Role",""
"Visionary communication","current","LEVEL TWO: Learning Your Style","Evaluator (post-Oct 2025 only)","Meeting Role",""
"Visionary communication","current","LEVEL TWO: Learning Your Style","Toastmaster OR Timer OR Ah-Counter (post-Oct 2025 only)","Meeting Role",""
"Visionary communication","current","LEVEL THREE: Increasing Knowledge","Develop a communication plan","Required",""
"Visionary communication","current","LEVEL THREE: Increasing Knowledge","Elective choice 1 of 2","Elective",""
"Visionary communication","current","LEVEL THREE: Increasing Knowledge","Elective choice 2 of 2","Elective",""
"Visionary communication","current","LEVEL THREE: Increasing Knowledge","Toastmaster (post-Oct 2025 only)","Meeting Role",""
"Visionary communication","current","LEVEL THREE: Increasing Knowledge","Evaluator (post-Oct 2025 only)","Meeting Role",""
"Visionary communication","current","LEVEL THREE: Increasing Knowledge","Topicsmaster OR Table Topics Speaker OR Introductory Mentor (post-Oct 2025 only)","Meeting Role",""
"Visionary communication","current","LEVEL THREE: Increasing Knowledge","Choose 1 from: Successful Club Series (post-Oct 2025 only)","Ed Series",""
"Visionary communication","current","LEVEL FOUR: Building Skills","Communicate change","Required",""
"Visionary communication","current","LEVEL FOUR: Building Skills","Elective choice 1 of 1","Elective",""
"Visionary communication","current","LEVEL FOUR: Building Skills","Toastmaster (post-Oct 2025 only)","Meeting Role",""
"Visionary communication","current","LEVEL FOUR: Building Skills","General Evaluator (post-Oct 2025 only)","Meeting Role",""
"Visionary communication","current","LEVEL FOUR: Building Skills","Evaluator (post-Oct 2025 only)","Meeting Role",""
"Visionary communication","current","LEVEL FOUR: Building Skills","Table Topics Speaker OR Topicsmaster OR Specialized Role OR repeat (post-Oct 2025 only)","Meeting Role",""
"Visionary communication","current","LEVEL FOUR: Building Skills","Choose 1 from: Successful Club Series (post-Oct 2025 only)","Ed Series",""
"Visionary communication","current","LEVEL FOUR: Building Skills","Choose 1 from: Better Speaker Series (post-Oct 2025 only)","Ed Series",""
"Visionary communication","current","LEVEL FIVE: Demonstrating Expertise","Develop your vision","Required",""
"Visionary communication","current","LEVEL FIVE: Demonstrating Expertise","Reflect on your path","Required",""
"Visionary communication","current","LEVEL FIVE: Demonstrating Expertise","Elective choice 1 of 1","Elective",""
"Visionary communication","current","LEVEL FIVE: Demonstrating Expertise","General Evaluator (x2) (post-Oct 2025 only)","Meeting Role",""
"Visionary communication","current","LEVEL FIVE: Demonstrating Expertise","Toastmaster (x2) (post-Oct 2025 only)","Meeting Role",""
"Visionary communication","current","LEVEL FIVE: Demonstrating Expertise","Evaluator (x2) (post-Oct 2025 only)","Meeting Role",""
"Visionary communication","current","LEVEL FIVE: Demonstrating Expertise","Table Topics Speaker OR Topicsmaster OR Ah-Counter OR Timer OR Grammarian OR Club Mentor OR Specialized Role OR repeat (post-Oct 2025 only)","Meeting Role",""
"Visionary communication","current","LEVEL FIVE: Demonstrating Expertise","Choose 1 from: Successful Club Series (post-Oct 2025 only)","Ed Series",""
"Visionary communication","current","LEVEL FIVE: Demonstrating Expertise","Choose 1 from: Leadership Excellence Series (post-Oct 2025 only)","Ed Series",""
"Engaging humor","current","LEVEL ONE: Mastering Fundamentals","Ice breaker","Required",""
"Engaging humor","current","LEVEL ONE: Mastering Fundamentals","Evaluation and feedback","Required",""
"Engaging humor","current","LEVEL ONE: Mastering Fundamentals","Researching and presenting","Required",""
"Engaging humor","current","LEVEL ONE: Mastering Fundamentals","Table Topics Speaker (post-Oct 2025 only)","Meeting Role",""
"Engaging humor","current","LEVEL ONE: Mastering Fundamentals","Evaluator (post-Oct 2025 only)","Meeting Role",""
"Engaging humor","current","LEVEL ONE: Mastering Fundamentals","Timer OR Ah-Counter (post-Oct 2025 only)","Meeting Role",""
"Engaging humor","current","LEVEL TWO: Learning Your Style","Know your sense of humor","Required",""
"Engaging humor","current","LEVEL TWO: Learning Your Style","Connect with your audience","Required",""
"Engaging humor","current","LEVEL TWO: Learning Your Style","Introduction to toastmasters mentoring","Required",""
"Engaging humor","current","LEVEL TWO: Learning Your Style","Grammarian (post-Oct 2025 only)","Meeting Role",""
"Engaging humor","current","LEVEL TWO: Learning Your Style","Topicsmaster (post-Oct 2025 only)","Meeting Role",""
"Engaging humor","current","LEVEL TWO: Learning Your Style","Evaluator (post-Oct 2025 only)","Meeting Role",""
"Engaging humor","current","LEVEL TWO: Learning Your Style","Toastmaster OR Timer OR Ah-Counter (post-Oct 2025 only)","Meeting Role",""
"Engaging humor","current","LEVEL THREE: Increasing Knowledge","Engage your audience with humor","Required",""
"Engaging humor","current","LEVEL THREE: Increasing Knowledge","Elective choice 1 of 2","Elective",""
"Engaging humor","current","LEVEL THREE: Increasing Knowledge","Elective choice 2 of 2","Elective",""
"Engaging humor","current","LEVEL THREE: Increasing Knowledge","Toastmaster (post-Oct 2025 only)","Meeting Role",""
"Engaging humor","current","LEVEL THREE: Increasing Knowledge","Evaluator (post-Oct 2025 only)","Meeting Role",""
"Engaging humor","current","LEVEL THREE: Increasing Knowledge","Topicsmaster OR Table Topics Speaker OR Introductory Mentor (post-Oct 2025 only)","Meeting Role",""
"Engaging humor","current","LEVEL THREE: Increasing Knowledge","Choose 1 from: Successful Club Series (post-Oct 2025 only)","Ed Series",""
"Engaging humor","current","LEVEL FOUR: Building Skills","Power of humor in an impromptu speech","Required",""
"Engaging humor","current","LEVEL FOUR: Building Skills","Elective choice 1 of 1","Elective",""
"Engaging humor","current","LEVEL FOUR: Building Skills","Toastmaster (post-Oct 2025 only)","Meeting Role",""
"Engaging humor","current","LEVEL FOUR: Building Skills","General Evaluator (post-Oct 2025 only)","Meeting Role",""
"Engaging humor","current","LEVEL FOUR: Building Skills","Evaluator (post-Oct 2025 only)","Meeting Role",""
"Engaging humor","current","LEVEL FOUR: Building Skills","Table Topics Speaker OR Topicsmaster OR Specialized Role OR repeat (post-Oct 2025 only)","Meeting Role",""
"Engaging humor","current","LEVEL FOUR: Building Skills","Choose 1 from: Successful Club Series (post-Oct 2025 only)","Ed Series",""
"Engaging humor","current","LEVEL FOUR: Building Skills","Choose 1 from: Better Speaker Series (post-Oct 2025 only)","Ed Series",""
"Engaging humor","current","LEVEL FIVE: Demonstrating Expertise","Deliver your message with humor","Required",""
"Engaging humor","current","LEVEL FIVE: Demonstrating Expertise","Reflect on your path","Required",""
"Engaging humor","current","LEVEL FIVE: Demonstrating Expertise","Elective choice 1 of 1","Elective",""
"Engaging humor","current","LEVEL FIVE: Demonstrating Expertise","General Evaluator (x2) (post-Oct 2025 only)","Meeting Role",""
"Engaging humor","current","LEVEL FIVE: Demonstrating Expertise","Toastmaster (x2) (post-Oct 2025 only)","Meeting Role",""
"Engaging humor","current","LEVEL FIVE: Demonstrating Expertise","Evaluator (x2) (post-Oct 2025 only)","Meeting Role",""
"Engaging humor","current","LEVEL FIVE: Demonstrating Expertise","Table Topics Speaker OR Topicsmaster OR Ah-Counter OR Timer OR Grammarian OR Club Mentor OR Specialized Role OR repeat (post-Oct 2025 only)","Meeting Role",""
"Engaging humor","current","LEVEL FIVE: Demonstrating Expertise","Choose 1 from: Successful Club Series (post-Oct 2025 only)","Ed Series",""
"Engaging humor","current","LEVEL FIVE: Demonstrating Expertise","Choose 1 from: Leadership Excellence Series (post-Oct 2025 only)","Ed Series",""
"Basic Training for Toastmasters","vintage","Introduction to Basic Training","Speech 1: The Ice Breaker","Required",""
"Basic Training for Toastmasters","vintage","Introduction to Basic Training","Speech 2: Be in Earnest","Required",""
"Basic Training for Toastmasters","vintage","Introduction to Basic Training","When You Are Table Topic Chairperson","Required",""
"Basic Training for Toastmasters","vintage","Level 2","When You Are Toastmaster of the Evening","Required",""
"Basic Training for Toastmasters","vintage","Level 2","Speech 3: Building a Speech","Required",""
"Basic Training for Toastmasters","vintage","Level 2","Speech 4: Hands Up","Required",""
"Basic Training for Toastmasters","vintage","Level 3","Speech 5: Vocal Variety","Required",""
"Basic Training for Toastmasters","vintage","Level 3","Speech 6: Speech Building","Required",""
"Basic Training for Toastmasters","vintage","Level 3","When You Are a Critic or Evaluator","Required",""
"Basic Training for Toastmasters","vintage","Level 3","Take Your Measure Again","Required",""
"Basic Training for Toastmasters","vintage","Level 4","Speech 7: Reading the Speech","Required",""
"Basic Training for Toastmasters","vintage","Level 4","Speech 8: Illuminate the Speech","Required",""
"Basic Training for Toastmasters","vintage","Level 4","Speech 9: Working With Words","Required",""
"Basic Training for Toastmasters","vintage","Level 5","Speech 10: Special Types of Speech","Required",""
"Basic Training for Toastmasters","vintage","Level 5","Speech 11: Organizing the Speech","Required",""
"Basic Training for Toastmasters","vintage","Level 5","Speech 12: Carrying On","Required",""
"Communication Series: Entertaining Speaker + Storytelling","vintage","Introduction to Competent Communication","Project 1: The Ice Breaker","Required",""
"Communication Series: Entertaining Speaker + Storytelling","vintage","Introduction to Competent Communication","Project 2: Organize Your Speech","Required",""
"Communication Series: Entertaining Speaker + Storytelling","vintage","Introduction to Competent Communication","Project 3: Get to the Point","Required",""
"Communication Series: Entertaining Speaker + Storytelling","vintage","Level 2","Project 4: How to Say It","Required",""
"Communication Series: Entertaining Speaker + Storytelling","vintage","Level 2","Project 5: Your Body Speaks","Required",""
"Communication Series: Entertaining Speaker + Storytelling","vintage","Level 2","Evaluate Your Progress Part 1","Required",""
"Communication Series: Entertaining Speaker + Storytelling","vintage","Level 2","Project 6: Vocal Variety","Required",""
"Communication Series: Entertaining Speaker + Storytelling","vintage","Level 3","Project 7: Research Your Topic","Required",""
"Communication Series: Entertaining Speaker + Storytelling","vintage","Level 3","Project 8: Get Comfortable with Visual Aids","Required",""
"Communication Series: Entertaining Speaker + Storytelling","vintage","Level 3","Project 9: Persuade with Power","Required",""
"Communication Series: Entertaining Speaker + Storytelling","vintage","Level 3","Project 10: Inspire Your Audience","Required",""
"Communication Series: Entertaining Speaker + Storytelling","vintage","Level 3","Evaluate Your Progress Part 2","Required",""
"Communication Series: Entertaining Speaker + Storytelling","vintage","The Entertaining Speaker","Introduction to The Entertaining Speaker","Required",""
"Communication Series: Entertaining Speaker + Storytelling","vintage","The Entertaining Speaker","Project 1: The Entertaining Speech","Required",""
"Communication Series: Entertaining Speaker + Storytelling","vintage","The Entertaining Speaker","Project 2: Resources for Entertainment","Required",""
"Communication Series: Entertaining Speaker + Storytelling","vintage","The Entertaining Speaker","Project 3: Make Them Laugh","Required",""
"Communication Series: Entertaining Speaker + Storytelling","vintage","The Entertaining Speaker","Project 4: A Dramatic Talk","Required",""
"Communication Series: Entertaining Speaker + Storytelling","vintage","The Entertaining Speaker","Project 5: Speaking After Dinner","Required",""
"Communication Series: Entertaining Speaker + Storytelling","vintage","Storytelling","Introduction to Storytelling","Required",""
"Communication Series: Entertaining Speaker + Storytelling","vintage","Storytelling","Project 1: The Folk Tale","Required",""
"Communication Series: Entertaining Speaker + Storytelling","vintage","Storytelling","Project 2: Let's Get Personal","Required",""
"Communication Series: Entertaining Speaker + Storytelling","vintage","Storytelling","Project 3: The Moral of the Story","Required",""
"Communication Series: Entertaining Speaker + Storytelling","vintage","Storytelling","Project 4: The Touching Story","Required",""
"Communication Series: Entertaining Speaker + Storytelling","vintage","Storytelling","Project 5: Bringing History to Life","Required",""
